keyword,publication_year,count,normalized_count
big data,2015,1148,0.800557880055788
big data,2016,1371,0.9560669456066946
big data,2017,1424,0.99302649930265
big data,2018,1434,1.0
big data,2019,1320,0.9205020920502092
big data,2020,1151,0.802649930264993
big data,2021,895,0.6241283124128313
big data,2022,584,0.4072524407252441
big data,2023,364,0.25383542538354253
big data,2024,136,0.09483960948396095
big data,2025,9,0.006276150627615063
