keyword,publication_year,count,normalized_count
big data,2015,1149,0.801814375436148
big data,2016,1368,0.9546406140963015
big data,2017,1424,0.9937194696441033
big data,2018,1433,1.0
big data,2019,1320,0.9211444521981856
big data,2020,1150,0.8025122121423587
big data,2021,895,0.6245638520586183
big data,2022,586,0.4089323098394976
big data,2023,363,0.25331472435450103
big data,2024,137,0.09560362875087229
big data,2025,9,0.00628053035589672
