keyword,publication_year,count,normalized_count
blockchain,2015,37,0.018509254627313655
blockchain,2016,160,0.080040020010005
blockchain,2017,568,0.28414207103551775
blockchain,2018,1203,0.6018009004502252
blockchain,2019,1732,0.8664332166083042
blockchain,2020,1999,1.0
blockchain,2021,1848,0.9244622311155578
blockchain,2022,1436,0.7183591795897949
blockchain,2023,785,0.39269634817408705
blockchain,2024,229,0.11455727863931967
blockchain,2025,2,0.0010005002501250625
