keyword,publication_year,count,normalized_count
chatbot,2015,18,0.007290400972053463
chatbot,2016,46,0.01863102470635885
chatbot,2017,166,0.06723369785338193
chatbot,2018,410,0.16605913325232888
chatbot,2019,676,0.27379505872823007
chatbot,2020,889,0.360064803564196
chatbot,2021,1012,0.4098825435398947
chatbot,2022,1145,0.4637505062778453
chatbot,2023,2098,0.8497367355204536
chatbot,2024,2469,1.0
chatbot,2025,926,0.37505062778452813
