keyword,publication_year,count,normalized_count
chatbot,2015,18,0.007296311309282529
chatbot,2016,46,0.018646128901499796
chatbot,2017,167,0.06769355492501013
chatbot,2018,409,0.16578840697203082
chatbot,2019,676,0.27401702472638834
chatbot,2020,888,0.3599513579246048
chatbot,2021,1012,0.41021483583299556
chatbot,2022,1145,0.4641264693960276
chatbot,2023,2098,0.8504256181597082
chatbot,2024,2467,1.0
chatbot,2025,928,0.3761653830563437
