keyword,publication_year,count,normalized_count
,2015,0,0.0
,2016,0,0.0
generative ai,2017,3,0.0006480881399870382
generative ai,2018,3,0.0006480881399870382
generative ai,2019,6,0.0012961762799740765
generative ai,2020,16,0.0034564700799308706
generative ai,2021,22,0.004752646359904947
generative ai,2022,48,0.010369410239792612
generative ai,2023,1812,0.3914452365521711
generative ai,2024,4629,1.0
generative ai,2025,2855,0.6167638798876647
