keyword,publication_year,count,normalized_count
,2015,0,0.0
,2016,0,0.0
generative ai,2017,3,0.0006479481641468683
generative ai,2018,3,0.0006479481641468683
generative ai,2019,6,0.0012958963282937365
generative ai,2020,16,0.0034557235421166306
generative ai,2021,22,0.004751619870410367
generative ai,2022,48,0.010367170626349892
generative ai,2023,1813,0.3915766738660907
generative ai,2024,4630,1.0
generative ai,2025,2852,0.6159827213822894
