keyword,publication_year,count,normalized_count
metaverse,2015,8,0.0023121387283236996
metaverse,2016,11,0.003179190751445087
metaverse,2017,9,0.002601156069364162
metaverse,2018,9,0.002601156069364162
metaverse,2019,9,0.002601156069364162
metaverse,2020,18,0.005202312138728324
metaverse,2021,182,0.05260115606936416
metaverse,2022,1983,0.573121387283237
metaverse,2023,3460,1.0
metaverse,2024,2905,0.8395953757225434
metaverse,2025,1275,0.3684971098265896
