keyword,publication_year,count,normalized_count
metaverse,2015,8,0.0023128071697022263
metaverse,2016,11,0.003180109858340561
metaverse,2017,9,0.0026019080659150044
metaverse,2018,9,0.0026019080659150044
metaverse,2019,9,0.0026019080659150044
metaverse,2020,20,0.005782017924255565
metaverse,2021,182,0.05261636311072564
metaverse,2022,1980,0.572419774501301
metaverse,2023,3459,1.0
metaverse,2024,2896,0.8372361954322058
metaverse,2025,1285,0.37149465163342005
