keyword,publication_year,count,normalized_count
metaverse,2015,8,0.0023121387283236996
metaverse,2016,11,0.003179190751445087
metaverse,2017,9,0.002601156069364162
metaverse,2018,9,0.002601156069364162
metaverse,2019,9,0.002601156069364162
metaverse,2020,20,0.005780346820809248
metaverse,2021,182,0.05260115606936416
metaverse,2022,1980,0.5722543352601156
metaverse,2023,3460,1.0
metaverse,2024,2893,0.8361271676300578
metaverse,2025,1287,0.37196531791907517
